Run_ID,Iteration,Timestamp,model_name,reasoning_factor,context_type,Feedback,Human_Message,AI_Message,Updated_Coulomb_input
1,2,2025-03-13_00:52:23,gpt-4o,1,short,"Result from the code generated:
Your code hasn't yet passed all of the NIST benchmark tests. Here's the current progress:

Real Energy Comparison:Test 1 (100.0 molecules): Computed: -1.1144E+20, NIST: -5.5889E+05, Match: FalseFourier Energy Comparison:Test 1 (100.0 molecules): Computed: 0.0000E+00, NIST: 6.2701E+03, Match: FalseSelf Energy Comparison:Test 1 (100.0 molecules): Computed: 0.0000E+00, NIST: -2.8447E+06, Match: FalseIntra Energy Comparison:Test 1 (100.0 molecules): Computed: 0.0000E+00, NIST: 2.8100E+06, Match: FalseCount of correct Real Energy answers: 0Count of incorrect Real Energy answers: 1Count of correct Fourier Energy answers: 0Count of incorrect Fourier Energy answers: 1Count of correct Self Energy answers: 0Count of incorrect Self Energy answers: 1Count of correct Intra Energy answers: 0Count of incorrect Intra Energy answers: 1Total correct answers: 0Total incorrect answers: 4

Out of the tests, 0 answers have been correct, with 4 remaining. 
Keep going – you're getting closer! Continue refining the code step by step until it passes all the tests.

Complete each function sequentially, incorporating feedback to optimize efficiency and align with NIST benchmarks. Aim to match the benchmark values as closely as possible with each attempt, ensuring visible numerical improvements. Refer to the context and revise accordingly.","import numpy as np
import pandas as pd
from scipy.special import erfc,erf
import math 

# defining all variables
atom_properties = {
    'O': {'type': 'O', 'sigma': 3.165558, 'epsilon': 78.197431, 'charge': -0.8476, 'num_particles': 1},
    'H': {'type': 'H', 'sigma': 0.000000, 'epsilon': 0.000000, 'charge': 0.4238, 'num_particles': 2},
}

# Trying for small configurations first
file_paths = [
#        'spce_sample_config_periodic4.txt',
#        'spce_sample_config_periodic2.txt',
#        'spce_sample_config_periodic3.txt',
        '../data/spce_sample_config_periodic1_modified.txt'
    ]

NIST_SPC_E_Water = {
        'Configuration': [1, 2, 3, 4],
        'M (number of SPC/E molecules)': [100, 200, 300, 750],
        'Lx=Ly=Lz (Å)': [20.0, 20.0, 20.0, 30.0],
        'Edisp/kB (K)': [9.95387E+04, 1.93712E+05, 3.54344E+05, 4.48593E+05],
        'ELRC/kB (K)': [-8.23715E+02, -3.29486E+03, -7.41343E+03, -1.37286E+04],
        'Ereal/kB (K)': [-5.58889E+05, -1.19295E+06, -1.96297E+06, -3.57226E+06],
        'Efourier/kB (K)': [6.27009E+03, 6.03495E+03, 5.24461E+03, 7.58785E+03],
        'Eself/kB (K)': [-2.84469E+06, -5.68938E+06, -8.53407E+06, -1.42235E+07],
        'Eintra/kB (K)': [2.80999E+06, 5.61998E+06, 8.42998E+06, 1.41483E+07],
        'Etotal/kB (K)': [-4.88604E+05, -1.06590E+06, -1.71488E+06, -3.20501E+06]
    }

# Data processing
def extracting_positions(input_file):
        # Extract the positions from the .xyz file
    with open(input_file, ""r"") as file:
        lines = file.readlines()

    data_lines = lines[2:]

    data_list = []
    for line in data_lines:
        stripped_line = line.strip()
        parts = stripped_line.split()
        if len(parts) >= 5:  
            try:
                x, y, z = map(float, parts[1:4])
                atom_type = parts[4]
                data_list.append([x, y, z, atom_type])
            except ValueError:
                continue  

    # Create a DataFrame with all configurations
    columns = [""X"", ""Y"", ""Z"", ""Atom Type""]
    configuration = pd.DataFrame(data_list, columns=columns)

    configuration.index = range(1, len(configuration) + 1)

    configuration[""Molecule""] = ((configuration.index - 1) // 3) + 1
    
    return configuration

# create the target dataframes
def creating_dataframes(file_paths, atom_properties,NIST_SPC_E_Water):
    
    # Create the NIST_SPC_E_Water dataframe
    NIST_SPC_E_Water = pd.DataFrame(NIST_SPC_E_Water)
    
    NIST_SPC_E_Water['Sum of energies'] = (NIST_SPC_E_Water['Edisp/kB (K)'] + NIST_SPC_E_Water['ELRC/kB (K)'] +
                             NIST_SPC_E_Water['Ereal/kB (K)'] + NIST_SPC_E_Water['Efourier/kB (K)'] +
                             NIST_SPC_E_Water['Eself/kB (K)'] + NIST_SPC_E_Water['Eintra/kB (K)'])

    #for col in NIST_SPC_E_Water.columns[3:]:  # Skip the first column (Configuration)
     #   NIST_SPC_E_Water[col] = NIST_SPC_E_Water[col].apply(lambda x: f""{x:.4E}"")
        
    # Creating the force_field dataframe
    force_field = pd.DataFrame(atom_properties).from_dict(atom_properties, orient='index')

    # Create the system dataframe contaning some variables
    system = pd.DataFrame(file_paths, columns=[""file_paths""])

    system['configuration #'] = system['file_paths'].str.extract(r'(\d+)').astype(int)

    system[[""number of particles"", ""box length""]] = system[""configuration #""].apply(
    lambda x: pd.Series({
        ""number of particles"": float(NIST_SPC_E_Water.loc[NIST_SPC_E_Water[""Configuration""] == x, 
                                                          ""M (number of SPC/E molecules)""].values[0]),
        ""box length"": float(NIST_SPC_E_Water.loc[NIST_SPC_E_Water[""Configuration""] == x, 
                                                 ""Lx=Ly=Lz (Å)""].values[0])}))

    system['cutoff'] = 10
    system['alpha'] = 5.6
    system['kmax'] = 5
    system['ε0'] = float(8.854187817E-12)
    system['kB'] = float(1.3806488E-23)
        
    return system, force_field, NIST_SPC_E_Water

def compute_real_energies(system_data, configuration, force_field):
    # Compute the real energy part of the Coulomb Ewald summation for the system.
    #
    # Parameters:
    # - system_data: DataFrame containing system-level information, including configuration, box length, and number of molecules.
    # - configuration: DataFrame containing atomic positions and atom types for the specific configuration.
    # - force_field: DataFrame containing the force field parameters (sigma, epsilon, charge, etc.) for the atoms.
    #
    # Returns:
    # - real_energy: Computed real energy part of the Coulomb Ewald summation (in K) as a float value.
    #
    # Description:
    # This function calculates the real energy contribution in the Coulomb Ewald summation,
    # which involves calculating the electrostatic interactions between atoms in the system
    # in real space. The real energy part represents the direct interactions between atoms
    # based on their positions and force field parameters.

    real_energy = 0

    ### Complete this code ####

    return real_energy

def compute_fourier_energies(system_data, configuration, force_field):
    # Compute the Fourier energy part of the Coulomb Ewald summation for the system.
    #
    # Parameters:
    # - system_data: DataFrame containing system-level information, including configuration, box length, and number of molecules.
    # - configuration: DataFrame containing atomic positions and atom types for the specific configuration.
    # - force_field: DataFrame containing the force field parameters (sigma, epsilon, charge, etc.) for the atoms.
    #
    # Returns:
    # - fourier_energy: Computed Fourier energy part of the Coulomb Ewald summation (in K) as a float value.
    #
    # Description:
    # This function calculates the Fourier energy contribution in the Coulomb Ewald summation,
    # which involves computing the reciprocal space interactions between atoms using
    # Fourier transforms. The Fourier energy part represents the interactions in reciprocal space
    # between the charges of the atoms.

    fourier_energy = 0

    ### Complete this code ####

    return fourier_energy


def compute_self_energies(system_data, configuration, force_field):
    # Compute the self-energy contribution for the system's atoms as part of the Coulomb Ewald summation.
    #
    # Parameters:
    # - system_data: DataFrame containing system-level information, including configuration, box length, and number of molecules.
    # - configuration: DataFrame containing atomic positions and atom types for the specific configuration.
    # - force_field: DataFrame containing the force field parameters (sigma, epsilon, charge, etc.) for the atoms.
    #
    # Returns:
    # - self_energy: Computed self-energy for each atom in the system (in K) as a float value.
    #
    # Description:
    # This function computes the self-energy term for each atom in the system, which represents
    # the interaction of an atom with itself as part of the Coulomb Ewald summation. The self-energy
    # term is typically related to the charge of the atom and its self-interaction in the electrostatic
    # calculations.

    self_energy = 0

    ### Complete this code ####

    return self_energy


def compute_intra_energies(system_data, configuration, force_field):
    # Compute the intra-molecular energy contribution for the system as part of the Coulomb Ewald summation.
    #
    # Parameters:
    # - system_data: DataFrame containing system-level information, including configuration, box length, and number of molecules.
    # - configuration: DataFrame containing atomic positions and atom types for the specific configuration.
    # - force_field: DataFrame containing the force field parameters (sigma, epsilon, charge, etc.) for the atoms.
    #
    # Returns:
    # - intra_energy: Computed intra-molecular energy (in K) as a float value.
    #
    # Description:
    # This function computes the intra-molecular energy, which represents the energy associated
    # with the interactions between atoms within the same molecule as part of the Coulomb Ewald summation.
    # This includes interactions like van der Waals forces and non-bonded interactions between atoms
    # that are in the same molecule.
    intra_energy = 0

    ### Complete this code ####

    return intra_energy


# DataFrame Descriptions:

# 1. NIST_SPC_E_Water DataFrame:
#    - Contains thermodynamic properties of SPC/E water configurations in monoclinic cells.
#    - Columns:
#        - 'Configuration' (int): Configuration ID (1-4).
#        - 'M (number of SPC/E molecules)' (int): Number of SPC/E molecules in the system.
#        - 'Lx=Ly=Lz (Å)' (float): Box dimensions in Ångströms (single dimension for cubic cell).
#        - 'Edisp/kB (K)' (float), 'ELRC/kB (K)' (float), 'Ereal/kB (K)' (float), 'Efourier/kB (K)' (float),
#          'Eself/kB (K)' (float), 'Eintra/kB (K)' (float), 'Etotal/kB (K)' (float): Various energy components in Kelvin.
#        - 'Sum of energies' (float): Sum of all energy components.

# 2. force_field DataFrame:
#    - Contains force field parameters for SPC/E water, specifically for oxygen ('O') and hydrogen ('H').
#    - Columns:
#        - 'type' (str): Atom type ('O' or 'H').
#        - 'sigma' (float): Lennard-Jones parameter (Å).
#        - 'epsilon' (float): Lennard-Jones well depth (K).
#        - 'charge' (float): Partial charge (e).
#        - 'num_particles' (int): Number of particles per molecule.

# 3. system DataFrame:
#    - Contains metadata about each system configuration.
#    - Columns:
#        - 'file_paths' (str): File names containing atomic configurations.
#        - 'configuration #' (int): Extracted configuration number (1-4).
#        - 'number of particles' (float): Number of molecules (from 'NIST_SPC_E_Water').
#        - 'box length' (float): Box dimensions (from 'NIST_SPC_E_Water').
#        - 'cutoff' (int): Fixed cutoff distance for interactions (10 Å).
#        - 'alpha' (float): Ewald summation parameter (5.6 / min(a, b, c)).
#        - 'kmax' (int): Maximum wave vector index (5); also, only include k for which k² < kmax² + 2, i.e., k² < 27.
#        - 'ε0' (float): Permittivity of Vacuum (8.854187817E-12 C²/(J m)).
#        - 'kB' (float): Boltzmann Constant (1.3806488E-23 J/K).

# 4. configuration DataFrame (from 'extracting_positions'):
#    - Created per file, containing atomic positions.
#    - Columns:
#        - 'X' (float): Atom coordinates in Ångströms.
#        - 'Y' (float): Atom coordinates in Ångströms.
#        - 'Z' (float): Atom coordinates in Ångströms.
#        - 'Atom Type' (str): Type of atom ('O' or 'H').
#        - 'Molecule' (int): Molecule index assigned based on position.


system, force_field, NIST_SPC_E_Water = creating_dataframes(file_paths, atom_properties,NIST_SPC_E_Water)

# Computing energies storing in results
results = pd.DataFrame()

results['Number of Particles'] = system['number of particles'].astype(int)

# Calculate pairwise energy for all system configurations
results['real_energies'] = system['file_paths'].apply(
    lambda file_path: compute_real_energies(
        system[system['file_paths'] == file_path].iloc[0],  # Ensure single row selection
        extracting_positions(file_path),
        force_field
    )
)

# Calculate pairwise energy for all system configurations
results['fourier_energies'] = system['file_paths'].apply(
    lambda file_path: compute_fourier_energies(
        system[system['file_paths'] == file_path].iloc[0],  # Ensure single row selection
        extracting_positions(file_path),
        force_field
    )
)

# Calculate pairwise energy for all system configurations
results['self_energies'] = system['file_paths'].apply(
    lambda file_path: compute_self_energies(
        system[system['file_paths'] == file_path].iloc[0],  # Ensure single row selection
        extracting_positions(file_path),
        force_field
    )
)

# Calculate pairwise energy for all system configurations
results['intra_energies'] = system['file_paths'].apply(
    lambda file_path: compute_intra_energies(
        system[system['file_paths'] == file_path].iloc[0],  # Ensure single row selection
        extracting_positions(file_path),
        force_field
    )
)

def compare_coulomb_energy(df1, df2, tolerance=1e-4):
    # Merge df1 and df2 based on the number of particles
    df_merged = df1.merge(df2, left_on='Number of Particles', right_on='M (number of SPC/E molecules)', how='left')

    # Initialize counters
    matched_real = matched_fourier = matched_self = matched_intra = 0
    not_matched_real = not_matched_fourier = not_matched_self = not_matched_intra = 0

    # Initialize output lists
    real_energy_output, fourier_energy_output = [], []
    self_energy_output, intra_energy_output = [], []

    # Iterate over merged DataFrame
    for idx, row in df_merged.iterrows():
        # Extract computed values from df1
        real_energy = row['real_energies']
        fourier_energy = row['fourier_energies']
        self_energy = row['self_energies']
        intra_energy = row['intra_energies']
        num_molecules = row['Number of Particles']

        # Extract reference values from df2
        if pd.isna(row['Ereal/kB (K)']):
            continue  # Skip if no match is found in df2

        nist_real_energy = float(row['Ereal/kB (K)'])
        nist_fourier_energy = float(row['Efourier/kB (K)'])
        nist_self_energy = float(row['Eself/kB (K)'])
        nist_intra_energy = float(row['Eintra/kB (K)'])

        # Perform numeric comparisons with a tolerance
        match_real = np.isclose(real_energy, nist_real_energy, atol=tolerance)
        match_fourier = np.isclose(fourier_energy, nist_fourier_energy, atol=tolerance)
        match_self = np.isclose(self_energy, nist_self_energy, atol=tolerance)
        match_intra = np.isclose(intra_energy, nist_intra_energy, atol=tolerance)

        matched_real += int(match_real)
        not_matched_real += int(not match_real)

        matched_fourier += int(match_fourier)
        not_matched_fourier += int(not match_fourier)

        matched_self += int(match_self)
        not_matched_self += int(not match_self)

        matched_intra += int(match_intra)
        not_matched_intra += int(not match_intra)

        # Store formatted outputs
        real_energy_output.append(f""Test {idx+1} ({num_molecules} molecules): Computed: {real_energy:.4E}, NIST: {nist_real_energy:.4E}, Match: {match_real}"")
        fourier_energy_output.append(f""Test {idx+1} ({num_molecules} molecules): Computed: {fourier_energy:.4E}, NIST: {nist_fourier_energy:.4E}, Match: {match_fourier}"")
        self_energy_output.append(f""Test {idx+1} ({num_molecules} molecules): Computed: {self_energy:.4E}, NIST: {nist_self_energy:.4E}, Match: {match_self}"")
        intra_energy_output.append(f""Test {idx+1} ({num_molecules} molecules): Computed: {intra_energy:.4E}, NIST: {nist_intra_energy:.4E}, Match: {match_intra}"")

    # Print final results
    print(""Real Energy Comparison:"")
    print(*real_energy_output, sep=chr(10))
    print(""Fourier Energy Comparison:"")
    print(*fourier_energy_output, sep=chr(10))
    print(""Self Energy Comparison:"")
    print(*self_energy_output, sep=chr(10))
    print(""Intra Energy Comparison:"")
    print(*intra_energy_output, sep=chr(10))
    print()
    print(f""Count of correct Real Energy answers: {matched_real}"")
    print(f""Count of incorrect Real Energy answers: {not_matched_real}"")
    print(f""Count of correct Fourier Energy answers: {matched_fourier}"")
    print(f""Count of incorrect Fourier Energy answers: {not_matched_fourier}"")
    print(f""Count of correct Self Energy answers: {matched_self}"")
    print(f""Count of incorrect Self Energy answers: {not_matched_self}"")
    print(f""Count of correct Intra Energy answers: {matched_intra}"")
    print(f""Count of incorrect Intra Energy answers: {not_matched_intra}"")
    print()

    total_correct = matched_real + matched_fourier + matched_self + matched_intra
    total_incorrect = not_matched_real + not_matched_fourier + not_matched_self + not_matched_intra

    print(f""Total correct answers: {total_correct}"")
    print(f""Total incorrect answers: {total_incorrect}"")


# calling compare_coulomb_energy function
compare_coulomb_energy(results, NIST_SPC_E_Water)

Please provide detailed reasoning and think through the context step by step before implementing the function.

The goal is to increase the number of correct results.

Context:
Refer to the Coulomb Ewald summation formula below.

Formula(latex form):

\Large \begin{eqnarray} E_{coulomb}\left(\mathbf{r}^N\right) & = &
\sum\limits_{j}  \sum\limits_{l>j}
\dfrac{q_j q_l}{ 4 \pi \epsilon_0} \dfrac{\text{erfc}\left(\alpha \cdot  \left| \mathbf{r}_{jl} \right| \right)}{\left| \mathbf{r}_{jl} \right|} \Theta\left( r_{cut} - \left|\mathbf{r}_{jl}\right| \right) \\
&& +\dfrac{1}{2 \pi V} \sum\limits_{\mathbf{k} \neq \mathbf{0}} \dfrac{1}{k^2} \exp \left[-\left( \dfrac{\pi k}{\alpha} \right)^2 \right] \dfrac{1}{4 \pi \epsilon_0} \cdot \left|\sum\limits_{j=1}^N q_j \exp \left(2\pi i \mathbf{k} \cdot \mathbf{r}_j \right) \right|^2 \\
&& - \dfrac{\alpha}{\sqrt{\pi}} \sum\limits_j \dfrac{q_j^2}{4 \pi \epsilon_0} \\
&& - \sum\limits_{j=1}^M  \sum\limits_{\kappa}  \sum\limits_{\lambda>\kappa} \dfrac{q_{j_\kappa} q_{j_\lambda}}{ 4 \pi \epsilon_0} \dfrac{\text{erf}\left(\alpha \cdot  \left| \mathbf{r}_{j_\kappa j_\lambda} \right| \right)}{\left| \mathbf{r}_{j_\kappa j_\lambda} \right|}
\end{eqnarray}

Explanation:

We note that this form of the Ewald Summation

1. requires total charge neutrality for the configuration and

2. neglects the surface dipole term (equivalent to using the ""tin-foil"" or conducting surface boundary condition)

Description:

The terms on the right-hand side of the equality to be computed are:

1) The real-space term Ereal,

2) The Fourier-space term, Efourier,

3) The self-correction term Eself,

4) The intramolecular term Eintra.

Note:

If multiple functions are provided for solving, complete them one by one in each iteration. Ensure that the print statements remain unchanged, even as you incorporate the necessary modifications.

Write your code in the section marked ### Complete this code #### and include any related functions as needed. However, do not modify other parts of the code.

You may access the required columns from the given dataframes as parameters to the function to calculate the energies.

Strictly remember: Do not modify the function names, parameters, and `compare_coulomb_energy` function, as it manages the iteration loop.

The automated iteration loop allows you to run iterations until the desired result is obtained.

Additionally, if feedback or result is provided, please refer to the user's feedback or result for the next steps.

","To implement the uncompleted function `compute_real_energies`, we'll follow the real space part of the Coulombic Ewald summation. The real energy term calculates the electrostatic interactions between pairs of charged particles within a specific cutoff distance. This involves iterating over the particle pairs, computing distances, and applying the error function.

Below, I'll implement the `compute_real_energies` function:

### Real Energy Calculation

This involves:
- Looping through each pair of particles.
- Calculating the distance between each pair.
- Only considering pairs within a cutoff distance.
- Adding the resulting interaction energy to a sum (considering charges and applying `erfc` function).

Let's implement this:

```python
def compute_real_energies(system_data, configuration, force_field):
    # Extract necessary parameters
    alpha = system_data['alpha']
    box_length = system_data['box length']
    cutoff = system_data['cutoff']
    epsilon0 = system_data['ε0']
    real_energy = 0.0

    num_particles = len(configuration)
    
    for i in range(num_particles):
        qi = force_field.loc[configuration.at[i+1, ""Atom Type""], ""charge""]
        xi, yi, zi = configuration.at[i+1, ""X""], configuration.at[i+1, ""Y""], configuration.at[i+1, ""Z""]
        
        for j in range(i+1, num_particles):
            qj = force_field.loc[configuration.at[j+1, ""Atom Type""], ""charge""]
            xj, yj, zj = configuration.at[j+1, ""X""], configuration.at[j+1, ""Y""], configuration.at[j+1, ""Z""]
            
            # Compute distance and apply periodic boundary conditions
            dx = xi - xj
            dy = yi - yj
            dz = zi - zj

            # Apply minimum image convention
            dx -= box_length * np.round(dx / box_length)
            dy -= box_length * np.round(dy / box_length)
            dz -= box_length * np.round(dz / box_length)

            r = np.sqrt(dx**2 + dy**2 + dz**2)
            
            # Calculate real space energy term only if within cutoff distance
            if r < cutoff:
                real_energy += (qi * qj) / (4 * np.pi * epsilon0) * erfc(alpha * r) / r

    # Conversion from Joules to Kelvin
    real_energy *= (1 / system_data['kB'])

    return real_energy
```

**Explanation:**
- The outer loop iterates over each atom `i`.
- The inner loop iterates over subsequent atoms `j` to avoid double counting.
- For each pair `(i, j)`, it calculates the real space component of the Ewald summation if the distance is within the cutoff.
- The `erfc` function computes the complementary error function to manage the electrostatic interaction.
- Real energy is accumulated across eligible pairs. 

As a note, ensure the unit system remains consistent by converting the energy computed (originally in Joules) to Kelvin using the factor `(1 / kB)`.

The next step would be to implement the `compute_fourier_energies`, `compute_self_energies`, and `compute_intra_energies` functions. After you verify this function, we'll proceed similarly with those.","import numpy as np
import pandas as pd
from scipy.special import erfc,erf
import math 

# defining all variables
atom_properties = {
    'O': {'type': 'O', 'sigma': 3.165558, 'epsilon': 78.197431, 'charge': -0.8476, 'num_particles': 1},
    'H': {'type': 'H', 'sigma': 0.000000, 'epsilon': 0.000000, 'charge': 0.4238, 'num_particles': 2},
}

# Trying for small configurations first
file_paths = [
#        'spce_sample_config_periodic4.txt',
#        'spce_sample_config_periodic2.txt',
#        'spce_sample_config_periodic3.txt',
        '../data/spce_sample_config_periodic1_modified.txt'
    ]

NIST_SPC_E_Water = {
        'Configuration': [1, 2, 3, 4],
        'M (number of SPC/E molecules)': [100, 200, 300, 750],
        'Lx=Ly=Lz (Å)': [20.0, 20.0, 20.0, 30.0],
        'Edisp/kB (K)': [9.95387E+04, 1.93712E+05, 3.54344E+05, 4.48593E+05],
        'ELRC/kB (K)': [-8.23715E+02, -3.29486E+03, -7.41343E+03, -1.37286E+04],
        'Ereal/kB (K)': [-5.58889E+05, -1.19295E+06, -1.96297E+06, -3.57226E+06],
        'Efourier/kB (K)': [6.27009E+03, 6.03495E+03, 5.24461E+03, 7.58785E+03],
        'Eself/kB (K)': [-2.84469E+06, -5.68938E+06, -8.53407E+06, -1.42235E+07],
        'Eintra/kB (K)': [2.80999E+06, 5.61998E+06, 8.42998E+06, 1.41483E+07],
        'Etotal/kB (K)': [-4.88604E+05, -1.06590E+06, -1.71488E+06, -3.20501E+06]
    }

# Data processing

def extracting_positions(input_file):
        # Extract the positions from the .xyz file
    with open(input_file, ""r"") as file:
        lines = file.readlines()

    data_lines = lines[2:]

    data_list = []
    for line in data_lines:
        stripped_line = line.strip()
        parts = stripped_line.split()
        if len(parts) >= 5:  
            try:
                x, y, z = map(float, parts[1:4])
                atom_type = parts[4]
                data_list.append([x, y, z, atom_type])
            except ValueError:
                continue  

    # Create a DataFrame with all configurations
    columns = [""X"", ""Y"", ""Z"", ""Atom Type""]
    configuration = pd.DataFrame(data_list, columns=columns)

    configuration.index = range(1, len(configuration) + 1)

    configuration[""Molecule""] = ((configuration.index - 1) // 3) + 1
    
    return configuration

# create the target dataframes
def creating_dataframes(file_paths, atom_properties,NIST_SPC_E_Water):
    
    # Create the NIST_SPC_E_Water dataframe
    NIST_SPC_E_Water = pd.DataFrame(NIST_SPC_E_Water)
    
    NIST_SPC_E_Water['Sum of energies'] = (NIST_SPC_E_Water['Edisp/kB (K)'] + NIST_SPC_E_Water['ELRC/kB (K)'] +
                             NIST_SPC_E_Water['Ereal/kB (K)'] + NIST_SPC_E_Water['Efourier/kB (K)'] +
                             NIST_SPC_E_Water['Eself/kB (K)'] + NIST_SPC_E_Water['Eintra/kB (K)'])

    #for col in NIST_SPC_E_Water.columns[3:]:  # Skip the first column (Configuration)
     #   NIST_SPC_E_Water[col] = NIST_SPC_E_Water[col].apply(lambda x: f""{x:.4E}"")
        
    # Creating the force_field dataframe
    force_field = pd.DataFrame(atom_properties).from_dict(atom_properties, orient='index')

    # Create the system dataframe contaning some variables
    system = pd.DataFrame(file_paths, columns=[""file_paths""])

    system['configuration #'] = system['file_paths'].str.extract(r'(\d+)').astype(int)

    system[[""number of particles"", ""box length""]] = system[""configuration #""].apply(
    lambda x: pd.Series({
        ""number of particles"": float(NIST_SPC_E_Water.loc[NIST_SPC_E_Water[""Configuration""] == x, 
                                                          ""M (number of SPC/E molecules)""].values[0]),
        ""box length"": float(NIST_SPC_E_Water.loc[NIST_SPC_E_Water[""Configuration""] == x, 
                                                 ""Lx=Ly=Lz (Å)""].values[0])}))

    system['cutoff'] = 10
    system['alpha'] = 5.6
    system['kmax'] = 5
    system['ε0'] = float(8.854187817E-12)
    system['kB'] = float(1.3806488E-23)
        
    return system, force_field, NIST_SPC_E_Water

def compute_real_energies(system_data, configuration, force_field):
    # Extract necessary parameters
    alpha = system_data['alpha']
    box_length = system_data['box length']
    cutoff = system_data['cutoff']
    epsilon0 = system_data['ε0']
    real_energy = 0.0

    num_particles = len(configuration)
    
    for i in range(num_particles):
        qi = force_field.loc[configuration.at[i+1, ""Atom Type""], ""charge""]
        xi, yi, zi = configuration.at[i+1, ""X""], configuration.at[i+1, ""Y""], configuration.at[i+1, ""Z""]
        
        for j in range(i+1, num_particles):
            qj = force_field.loc[configuration.at[j+1, ""Atom Type""], ""charge""]
            xj, yj, zj = configuration.at[j+1, ""X""], configuration.at[j+1, ""Y""], configuration.at[j+1, ""Z""]
            
            # Compute distance and apply periodic boundary conditions
            dx = xi - xj
            dy = yi - yj
            dz = zi - zj

            # Apply minimum image convention
            dx -= box_length * np.round(dx / box_length)
            dy -= box_length * np.round(dy / box_length)
            dz -= box_length * np.round(dz / box_length)

            r = np.sqrt(dx**2 + dy**2 + dz**2)
            
            # Calculate real space energy term only if within cutoff distance
            if r < cutoff:
                real_energy += (qi * qj) / (4 * np.pi * epsilon0) * erfc(alpha * r) / r

    # Conversion from Joules to Kelvin
    real_energy *= (1 / system_data['kB'])

    return real_energy

def compute_fourier_energies(system_data, configuration, force_field):
    # Compute the Fourier energy part of the Coulomb Ewald summation for the system.
    #
    # Parameters:
    # - system_data: DataFrame containing system-level information, including configuration, box length, and number of molecules.
    # - configuration: DataFrame containing atomic positions and atom types for the specific configuration.
    # - force_field: DataFrame containing the force field parameters (sigma, epsilon, charge, etc.) for the atoms.
    #
    # Returns:
    # - fourier_energy: Computed Fourier energy part of the Coulomb Ewald summation (in K) as a float value.
    #
    # Description:
    # This function calculates the Fourier energy contribution in the Coulomb Ewald summation,
    # which involves computing the reciprocal space interactions between atoms using
    # Fourier transforms. The Fourier energy part represents the interactions in reciprocal space
    # between the charges of the atoms.

    fourier_energy = 0

    ### Complete this code ####

    return fourier_energy


def compute_self_energies(system_data, configuration, force_field):
    # Compute the self-energy contribution for the system's atoms as part of the Coulomb Ewald summation.
    #
    # Parameters:
    # - system_data: DataFrame containing system-level information, including configuration, box length, and number of molecules.
    # - configuration: DataFrame containing atomic positions and atom types for the specific configuration.
    # - force_field: DataFrame containing the force field parameters (sigma, epsilon, charge, etc.) for the atoms.
    #
    # Returns:
    # - self_energy: Computed self-energy for each atom in the system (in K) as a float value.
    #
    # Description:
    # This function computes the self-energy term for each atom in the system, which represents
    # the interaction of an atom with itself as part of the Coulomb Ewald summation. The self-energy
    # term is typically related to the charge of the atom and its self-interaction in the electrostatic
    # calculations.

    self_energy = 0

    ### Complete this code ####

    return self_energy


def compute_intra_energies(system_data, configuration, force_field):
    # Compute the intra-molecular energy contribution for the system as part of the Coulomb Ewald summation.
    #
    # Parameters:
    # - system_data: DataFrame containing system-level information, including configuration, box length, and number of molecules.
    # - configuration: DataFrame containing atomic positions and atom types for the specific configuration.
    # - force_field: DataFrame containing the force field parameters (sigma, epsilon, charge, etc.) for the atoms.
    #
    # Returns:
    # - intra_energy: Computed intra-molecular energy (in K) as a float value.
    #
    # Description:
    # This function computes the intra-molecular energy, which represents the energy associated
    # with the interactions between atoms within the same molecule as part of the Coulomb Ewald summation.
    # This includes interactions like van der Waals forces and non-bonded interactions between atoms
    # that are in the same molecule.
    intra_energy = 0

    ### Complete this code ####

    return intra_energy


# DataFrame Descriptions:

# 1. NIST_SPC_E_Water DataFrame:
#    - Contains thermodynamic properties of SPC/E water configurations in monoclinic cells.
#    - Columns:
#        - 'Configuration' (int): Configuration ID (1-4).
#        - 'M (number of SPC/E molecules)' (int): Number of SPC/E molecules in the system.
#        - 'Lx=Ly=Lz (Å)' (float): Box dimensions in Ångströms (single dimension for cubic cell).
#        - 'Edisp/kB (K)' (float), 'ELRC/kB (K)' (float), 'Ereal/kB (K)' (float), 'Efourier/kB (K)' (float),
#          'Eself/kB (K)' (float), 'Eintra/kB (K)' (float), 'Etotal/kB (K)' (float): Various energy components in Kelvin.
#        - 'Sum of energies' (float): Sum of all energy components.

# 2. force_field DataFrame:
#    - Contains force field parameters for SPC/E water, specifically for oxygen ('O') and hydrogen ('H').
#    - Columns:
#        - 'type' (str): Atom type ('O' or 'H').
#        - 'sigma' (float): Lennard-Jones parameter (Å).
#        - 'epsilon' (float): Lennard-Jones well depth (K).
#        - 'charge' (float): Partial charge (e).
#        - 'num_particles' (int): Number of particles per molecule.

# 3. system DataFrame:
#    - Contains metadata about each system configuration.
#    - Columns:
#        - 'file_paths' (str): File names containing atomic configurations.
#        - 'configuration #' (int): Extracted configuration number (1-4).
#        - 'number of particles' (float): Number of molecules (from 'NIST_SPC_E_Water').
#        - 'box length' (float): Box dimensions (from 'NIST_SPC_E_Water').
#        - 'cutoff' (int): Fixed cutoff distance for interactions (10 Å).
#        - 'alpha' (float): Ewald summation parameter (5.6 / min(a, b, c)).
#        - 'kmax' (int): Maximum wave vector index (5); also, only include k for which k² < kmax² + 2, i.e., k² < 27.
#        - 'ε0' (float): Permittivity of Vacuum (8.854187817E-12 C²/(J m)).
#        - 'kB' (float): Boltzmann Constant (1.3806488E-23 J/K).

# 4. configuration DataFrame (from 'extracting_positions'):
#    - Created per file, containing atomic positions.
#    - Columns:
#        - 'X' (float): Atom coordinates in Ångströms.
#        - 'Y' (float): Atom coordinates in Ångströms.
#        - 'Z' (float): Atom coordinates in Ångströms.
#        - 'Atom Type' (str): Type of atom ('O' or 'H').
#        - 'Molecule' (int): Molecule index assigned based on position.


system, force_field, NIST_SPC_E_Water = creating_dataframes(file_paths, atom_properties,NIST_SPC_E_Water)

# Computing energies storing in results
results = pd.DataFrame()

results['Number of Particles'] = system['number of particles'].astype(int)

# Calculate pairwise energy for all system configurations
results['real_energies'] = system['file_paths'].apply(
    lambda file_path: compute_real_energies(
        system[system['file_paths'] == file_path].iloc[0],  # Ensure single row selection
        extracting_positions(file_path),
        force_field
    )
)

# Calculate pairwise energy for all system configurations
results['fourier_energies'] = system['file_paths'].apply(
    lambda file_path: compute_fourier_energies(
        system[system['file_paths'] == file_path].iloc[0],  # Ensure single row selection
        extracting_positions(file_path),
        force_field
    )
)

# Calculate pairwise energy for all system configurations
results['self_energies'] = system['file_paths'].apply(
    lambda file_path: compute_self_energies(
        system[system['file_paths'] == file_path].iloc[0],  # Ensure single row selection
        extracting_positions(file_path),
        force_field
    )
)

# Calculate pairwise energy for all system configurations
results['intra_energies'] = system['file_paths'].apply(
    lambda file_path: compute_intra_energies(
        system[system['file_paths'] == file_path].iloc[0],  # Ensure single row selection
        extracting_positions(file_path),
        force_field
    )
)

def compare_coulomb_energy(df1, df2, tolerance=1e-4):
    # Merge df1 and df2 based on the number of particles
    df_merged = df1.merge(df2, left_on='Number of Particles', right_on='M (number of SPC/E molecules)', how='left')

    # Initialize counters
    matched_real = matched_fourier = matched_self = matched_intra = 0
    not_matched_real = not_matched_fourier = not_matched_self = not_matched_intra = 0

    # Initialize output lists
    real_energy_output, fourier_energy_output = [], []
    self_energy_output, intra_energy_output = [], []

    # Iterate over merged DataFrame
    for idx, row in df_merged.iterrows():
        # Extract computed values from df1
        real_energy = row['real_energies']
        fourier_energy = row['fourier_energies']
        self_energy = row['self_energies']
        intra_energy = row['intra_energies']
        num_molecules = row['Number of Particles']

        # Extract reference values from df2
        if pd.isna(row['Ereal/kB (K)']):
            continue  # Skip if no match is found in df2

        nist_real_energy = float(row['Ereal/kB (K)'])
        nist_fourier_energy = float(row['Efourier/kB (K)'])
        nist_self_energy = float(row['Eself/kB (K)'])
        nist_intra_energy = float(row['Eintra/kB (K)'])

        # Perform numeric comparisons with a tolerance
        match_real = np.isclose(real_energy, nist_real_energy, atol=tolerance)
        match_fourier = np.isclose(fourier_energy, nist_fourier_energy, atol=tolerance)
        match_self = np.isclose(self_energy, nist_self_energy, atol=tolerance)
        match_intra = np.isclose(intra_energy, nist_intra_energy, atol=tolerance)

        matched_real += int(match_real)
        not_matched_real += int(not match_real)

        matched_fourier += int(match_fourier)
        not_matched_fourier += int(not match_fourier)

        matched_self += int(match_self)
        not_matched_self += int(not match_self)

        matched_intra += int(match_intra)
        not_matched_intra += int(not match_intra)

        # Store formatted outputs
        real_energy_output.append(f""Test {idx+1} ({num_molecules} molecules): Computed: {real_energy:.4E}, NIST: {nist_real_energy:.4E}, Match: {match_real}"")
        fourier_energy_output.append(f""Test {idx+1} ({num_molecules} molecules): Computed: {fourier_energy:.4E}, NIST: {nist_fourier_energy:.4E}, Match: {match_fourier}"")
        self_energy_output.append(f""Test {idx+1} ({num_molecules} molecules): Computed: {self_energy:.4E}, NIST: {nist_self_energy:.4E}, Match: {match_self}"")
        intra_energy_output.append(f""Test {idx+1} ({num_molecules} molecules): Computed: {intra_energy:.4E}, NIST: {nist_intra_energy:.4E}, Match: {match_intra}"")

    # Print final results
    print(""Real Energy Comparison:"")
    print(*real_energy_output, sep=chr(10))
    print(""Fourier Energy Comparison:"")
    print(*fourier_energy_output, sep=chr(10))
    print(""Self Energy Comparison:"")
    print(*self_energy_output, sep=chr(10))
    print(""Intra Energy Comparison:"")
    print(*intra_energy_output, sep=chr(10))
    print()
    print(f""Count of correct Real Energy answers: {matched_real}"")
    print(f""Count of incorrect Real Energy answers: {not_matched_real}"")
    print(f""Count of correct Fourier Energy answers: {matched_fourier}"")
    print(f""Count of incorrect Fourier Energy answers: {not_matched_fourier}"")
    print(f""Count of correct Self Energy answers: {matched_self}"")
    print(f""Count of incorrect Self Energy answers: {not_matched_self}"")
    print(f""Count of correct Intra Energy answers: {matched_intra}"")
    print(f""Count of incorrect Intra Energy answers: {not_matched_intra}"")
    print()

    total_correct = matched_real + matched_fourier + matched_self + matched_intra
    total_incorrect = not_matched_real + not_matched_fourier + not_matched_self + not_matched_intra

    print(f""Total correct answers: {total_correct}"")
    print(f""Total incorrect answers: {total_incorrect}"")


# calling compare_coulomb_energy function
compare_coulomb_energy(results, NIST_SPC_E_Water)"
1,3,2025-03-13_00:52:23,gpt-4o,1,short,"Result from the code generated:
Your code hasn't yet passed all of the NIST benchmark tests. Here's the current progress:

Real Energy Comparison:Test 1 (100.0 molecules): Computed: -1.1144E+20, NIST: -5.5889E+05, Match: FalseFourier Energy Comparison:Test 1 (100.0 molecules): Computed: 0.0000E+00, NIST: 6.2701E+03, Match: FalseSelf Energy Comparison:Test 1 (100.0 molecules): Computed: 0.0000E+00, NIST: -2.8447E+06, Match: FalseIntra Energy Comparison:Test 1 (100.0 molecules): Computed: 0.0000E+00, NIST: 2.8100E+06, Match: FalseCount of correct Real Energy answers: 0Count of incorrect Real Energy answers: 1Count of correct Fourier Energy answers: 0Count of incorrect Fourier Energy answers: 1Count of correct Self Energy answers: 0Count of incorrect Self Energy answers: 1Count of correct Intra Energy answers: 0Count of incorrect Intra Energy answers: 1Total correct answers: 0Total incorrect answers: 4

Out of the tests, 0 answers have been correct, with 4 remaining. 
Keep going – you're getting closer! Continue refining the code step by step until it passes all the tests.

Complete each function sequentially, incorporating feedback to optimize efficiency and align with NIST benchmarks. Aim to match the benchmark values as closely as possible with each attempt, ensuring visible numerical improvements. Refer to the context and revise accordingly.","import numpy as np
import pandas as pd
from scipy.special import erfc,erf
import math 

# defining all variables
atom_properties = {
    'O': {'type': 'O', 'sigma': 3.165558, 'epsilon': 78.197431, 'charge': -0.8476, 'num_particles': 1},
    'H': {'type': 'H', 'sigma': 0.000000, 'epsilon': 0.000000, 'charge': 0.4238, 'num_particles': 2},
}

# Trying for small configurations first
file_paths = [
#        'spce_sample_config_periodic4.txt',
#        'spce_sample_config_periodic2.txt',
#        'spce_sample_config_periodic3.txt',
        '../data/spce_sample_config_periodic1_modified.txt'
    ]

NIST_SPC_E_Water = {
        'Configuration': [1, 2, 3, 4],
        'M (number of SPC/E molecules)': [100, 200, 300, 750],
        'Lx=Ly=Lz (Å)': [20.0, 20.0, 20.0, 30.0],
        'Edisp/kB (K)': [9.95387E+04, 1.93712E+05, 3.54344E+05, 4.48593E+05],
        'ELRC/kB (K)': [-8.23715E+02, -3.29486E+03, -7.41343E+03, -1.37286E+04],
        'Ereal/kB (K)': [-5.58889E+05, -1.19295E+06, -1.96297E+06, -3.57226E+06],
        'Efourier/kB (K)': [6.27009E+03, 6.03495E+03, 5.24461E+03, 7.58785E+03],
        'Eself/kB (K)': [-2.84469E+06, -5.68938E+06, -8.53407E+06, -1.42235E+07],
        'Eintra/kB (K)': [2.80999E+06, 5.61998E+06, 8.42998E+06, 1.41483E+07],
        'Etotal/kB (K)': [-4.88604E+05, -1.06590E+06, -1.71488E+06, -3.20501E+06]
    }

# Data processing

def extracting_positions(input_file):
        # Extract the positions from the .xyz file
    with open(input_file, ""r"") as file:
        lines = file.readlines()

    data_lines = lines[2:]

    data_list = []
    for line in data_lines:
        stripped_line = line.strip()
        parts = stripped_line.split()
        if len(parts) >= 5:  
            try:
                x, y, z = map(float, parts[1:4])
                atom_type = parts[4]
                data_list.append([x, y, z, atom_type])
            except ValueError:
                continue  

    # Create a DataFrame with all configurations
    columns = [""X"", ""Y"", ""Z"", ""Atom Type""]
    configuration = pd.DataFrame(data_list, columns=columns)

    configuration.index = range(1, len(configuration) + 1)

    configuration[""Molecule""] = ((configuration.index - 1) // 3) + 1
    
    return configuration

# create the target dataframes
def creating_dataframes(file_paths, atom_properties,NIST_SPC_E_Water):
    
    # Create the NIST_SPC_E_Water dataframe
    NIST_SPC_E_Water = pd.DataFrame(NIST_SPC_E_Water)
    
    NIST_SPC_E_Water['Sum of energies'] = (NIST_SPC_E_Water['Edisp/kB (K)'] + NIST_SPC_E_Water['ELRC/kB (K)'] +
                             NIST_SPC_E_Water['Ereal/kB (K)'] + NIST_SPC_E_Water['Efourier/kB (K)'] +
                             NIST_SPC_E_Water['Eself/kB (K)'] + NIST_SPC_E_Water['Eintra/kB (K)'])

    #for col in NIST_SPC_E_Water.columns[3:]:  # Skip the first column (Configuration)
     #   NIST_SPC_E_Water[col] = NIST_SPC_E_Water[col].apply(lambda x: f""{x:.4E}"")
        
    # Creating the force_field dataframe
    force_field = pd.DataFrame(atom_properties).from_dict(atom_properties, orient='index')

    # Create the system dataframe contaning some variables
    system = pd.DataFrame(file_paths, columns=[""file_paths""])

    system['configuration #'] = system['file_paths'].str.extract(r'(\d+)').astype(int)

    system[[""number of particles"", ""box length""]] = system[""configuration #""].apply(
    lambda x: pd.Series({
        ""number of particles"": float(NIST_SPC_E_Water.loc[NIST_SPC_E_Water[""Configuration""] == x, 
                                                          ""M (number of SPC/E molecules)""].values[0]),
        ""box length"": float(NIST_SPC_E_Water.loc[NIST_SPC_E_Water[""Configuration""] == x, 
                                                 ""Lx=Ly=Lz (Å)""].values[0])}))

    system['cutoff'] = 10
    system['alpha'] = 5.6
    system['kmax'] = 5
    system['ε0'] = float(8.854187817E-12)
    system['kB'] = float(1.3806488E-23)
        
    return system, force_field, NIST_SPC_E_Water

def compute_real_energies(system_data, configuration, force_field):
    # Extract necessary parameters
    alpha = system_data['alpha']
    box_length = system_data['box length']
    cutoff = system_data['cutoff']
    epsilon0 = system_data['ε0']
    real_energy = 0.0

    num_particles = len(configuration)
    
    for i in range(num_particles):
        qi = force_field.loc[configuration.at[i+1, ""Atom Type""], ""charge""]
        xi, yi, zi = configuration.at[i+1, ""X""], configuration.at[i+1, ""Y""], configuration.at[i+1, ""Z""]
        
        for j in range(i+1, num_particles):
            qj = force_field.loc[configuration.at[j+1, ""Atom Type""], ""charge""]
            xj, yj, zj = configuration.at[j+1, ""X""], configuration.at[j+1, ""Y""], configuration.at[j+1, ""Z""]
            
            # Compute distance and apply periodic boundary conditions
            dx = xi - xj
            dy = yi - yj
            dz = zi - zj

            # Apply minimum image convention
            dx -= box_length * np.round(dx / box_length)
            dy -= box_length * np.round(dy / box_length)
            dz -= box_length * np.round(dz / box_length)

            r = np.sqrt(dx**2 + dy**2 + dz**2)
            
            # Calculate real space energy term only if within cutoff distance
            if r < cutoff:
                real_energy += (qi * qj) / (4 * np.pi * epsilon0) * erfc(alpha * r) / r

    # Conversion from Joules to Kelvin
    real_energy *= (1 / system_data['kB'])

    return real_energy

def compute_fourier_energies(system_data, configuration, force_field):
    # Compute the Fourier energy part of the Coulomb Ewald summation for the system.
    #
    # Parameters:
    # - system_data: DataFrame containing system-level information, including configuration, box length, and number of molecules.
    # - configuration: DataFrame containing atomic positions and atom types for the specific configuration.
    # - force_field: DataFrame containing the force field parameters (sigma, epsilon, charge, etc.) for the atoms.
    #
    # Returns:
    # - fourier_energy: Computed Fourier energy part of the Coulomb Ewald summation (in K) as a float value.
    #
    # Description:
    # This function calculates the Fourier energy contribution in the Coulomb Ewald summation,
    # which involves computing the reciprocal space interactions between atoms using
    # Fourier transforms. The Fourier energy part represents the interactions in reciprocal space
    # between the charges of the atoms.

    fourier_energy = 0

    ### Complete this code ####

    return fourier_energy


def compute_self_energies(system_data, configuration, force_field):
    # Compute the self-energy contribution for the system's atoms as part of the Coulomb Ewald summation.
    #
    # Parameters:
    # - system_data: DataFrame containing system-level information, including configuration, box length, and number of molecules.
    # - configuration: DataFrame containing atomic positions and atom types for the specific configuration.
    # - force_field: DataFrame containing the force field parameters (sigma, epsilon, charge, etc.) for the atoms.
    #
    # Returns:
    # - self_energy: Computed self-energy for each atom in the system (in K) as a float value.
    #
    # Description:
    # This function computes the self-energy term for each atom in the system, which represents
    # the interaction of an atom with itself as part of the Coulomb Ewald summation. The self-energy
    # term is typically related to the charge of the atom and its self-interaction in the electrostatic
    # calculations.

    self_energy = 0

    ### Complete this code ####

    return self_energy


def compute_intra_energies(system_data, configuration, force_field):
    # Compute the intra-molecular energy contribution for the system as part of the Coulomb Ewald summation.
    #
    # Parameters:
    # - system_data: DataFrame containing system-level information, including configuration, box length, and number of molecules.
    # - configuration: DataFrame containing atomic positions and atom types for the specific configuration.
    # - force_field: DataFrame containing the force field parameters (sigma, epsilon, charge, etc.) for the atoms.
    #
    # Returns:
    # - intra_energy: Computed intra-molecular energy (in K) as a float value.
    #
    # Description:
    # This function computes the intra-molecular energy, which represents the energy associated
    # with the interactions between atoms within the same molecule as part of the Coulomb Ewald summation.
    # This includes interactions like van der Waals forces and non-bonded interactions between atoms
    # that are in the same molecule.
    intra_energy = 0

    ### Complete this code ####

    return intra_energy


# DataFrame Descriptions:

# 1. NIST_SPC_E_Water DataFrame:
#    - Contains thermodynamic properties of SPC/E water configurations in monoclinic cells.
#    - Columns:
#        - 'Configuration' (int): Configuration ID (1-4).
#        - 'M (number of SPC/E molecules)' (int): Number of SPC/E molecules in the system.
#        - 'Lx=Ly=Lz (Å)' (float): Box dimensions in Ångströms (single dimension for cubic cell).
#        - 'Edisp/kB (K)' (float), 'ELRC/kB (K)' (float), 'Ereal/kB (K)' (float), 'Efourier/kB (K)' (float),
#          'Eself/kB (K)' (float), 'Eintra/kB (K)' (float), 'Etotal/kB (K)' (float): Various energy components in Kelvin.
#        - 'Sum of energies' (float): Sum of all energy components.

# 2. force_field DataFrame:
#    - Contains force field parameters for SPC/E water, specifically for oxygen ('O') and hydrogen ('H').
#    - Columns:
#        - 'type' (str): Atom type ('O' or 'H').
#        - 'sigma' (float): Lennard-Jones parameter (Å).
#        - 'epsilon' (float): Lennard-Jones well depth (K).
#        - 'charge' (float): Partial charge (e).
#        - 'num_particles' (int): Number of particles per molecule.

# 3. system DataFrame:
#    - Contains metadata about each system configuration.
#    - Columns:
#        - 'file_paths' (str): File names containing atomic configurations.
#        - 'configuration #' (int): Extracted configuration number (1-4).
#        - 'number of particles' (float): Number of molecules (from 'NIST_SPC_E_Water').
#        - 'box length' (float): Box dimensions (from 'NIST_SPC_E_Water').
#        - 'cutoff' (int): Fixed cutoff distance for interactions (10 Å).
#        - 'alpha' (float): Ewald summation parameter (5.6 / min(a, b, c)).
#        - 'kmax' (int): Maximum wave vector index (5); also, only include k for which k² < kmax² + 2, i.e., k² < 27.
#        - 'ε0' (float): Permittivity of Vacuum (8.854187817E-12 C²/(J m)).
#        - 'kB' (float): Boltzmann Constant (1.3806488E-23 J/K).

# 4. configuration DataFrame (from 'extracting_positions'):
#    - Created per file, containing atomic positions.
#    - Columns:
#        - 'X' (float): Atom coordinates in Ångströms.
#        - 'Y' (float): Atom coordinates in Ångströms.
#        - 'Z' (float): Atom coordinates in Ångströms.
#        - 'Atom Type' (str): Type of atom ('O' or 'H').
#        - 'Molecule' (int): Molecule index assigned based on position.


system, force_field, NIST_SPC_E_Water = creating_dataframes(file_paths, atom_properties,NIST_SPC_E_Water)

# Computing energies storing in results
results = pd.DataFrame()

results['Number of Particles'] = system['number of particles'].astype(int)

# Calculate pairwise energy for all system configurations
results['real_energies'] = system['file_paths'].apply(
    lambda file_path: compute_real_energies(
        system[system['file_paths'] == file_path].iloc[0],  # Ensure single row selection
        extracting_positions(file_path),
        force_field
    )
)

# Calculate pairwise energy for all system configurations
results['fourier_energies'] = system['file_paths'].apply(
    lambda file_path: compute_fourier_energies(
        system[system['file_paths'] == file_path].iloc[0],  # Ensure single row selection
        extracting_positions(file_path),
        force_field
    )
)

# Calculate pairwise energy for all system configurations
results['self_energies'] = system['file_paths'].apply(
    lambda file_path: compute_self_energies(
        system[system['file_paths'] == file_path].iloc[0],  # Ensure single row selection
        extracting_positions(file_path),
        force_field
    )
)

# Calculate pairwise energy for all system configurations
results['intra_energies'] = system['file_paths'].apply(
    lambda file_path: compute_intra_energies(
        system[system['file_paths'] == file_path].iloc[0],  # Ensure single row selection
        extracting_positions(file_path),
        force_field
    )
)

def compare_coulomb_energy(df1, df2, tolerance=1e-4):
    # Merge df1 and df2 based on the number of particles
    df_merged = df1.merge(df2, left_on='Number of Particles', right_on='M (number of SPC/E molecules)', how='left')

    # Initialize counters
    matched_real = matched_fourier = matched_self = matched_intra = 0
    not_matched_real = not_matched_fourier = not_matched_self = not_matched_intra = 0

    # Initialize output lists
    real_energy_output, fourier_energy_output = [], []
    self_energy_output, intra_energy_output = [], []

    # Iterate over merged DataFrame
    for idx, row in df_merged.iterrows():
        # Extract computed values from df1
        real_energy = row['real_energies']
        fourier_energy = row['fourier_energies']
        self_energy = row['self_energies']
        intra_energy = row['intra_energies']
        num_molecules = row['Number of Particles']

        # Extract reference values from df2
        if pd.isna(row['Ereal/kB (K)']):
            continue  # Skip if no match is found in df2

        nist_real_energy = float(row['Ereal/kB (K)'])
        nist_fourier_energy = float(row['Efourier/kB (K)'])
        nist_self_energy = float(row['Eself/kB (K)'])
        nist_intra_energy = float(row['Eintra/kB (K)'])

        # Perform numeric comparisons with a tolerance
        match_real = np.isclose(real_energy, nist_real_energy, atol=tolerance)
        match_fourier = np.isclose(fourier_energy, nist_fourier_energy, atol=tolerance)
        match_self = np.isclose(self_energy, nist_self_energy, atol=tolerance)
        match_intra = np.isclose(intra_energy, nist_intra_energy, atol=tolerance)

        matched_real += int(match_real)
        not_matched_real += int(not match_real)

        matched_fourier += int(match_fourier)
        not_matched_fourier += int(not match_fourier)

        matched_self += int(match_self)
        not_matched_self += int(not match_self)

        matched_intra += int(match_intra)
        not_matched_intra += int(not match_intra)

        # Store formatted outputs
        real_energy_output.append(f""Test {idx+1} ({num_molecules} molecules): Computed: {real_energy:.4E}, NIST: {nist_real_energy:.4E}, Match: {match_real}"")
        fourier_energy_output.append(f""Test {idx+1} ({num_molecules} molecules): Computed: {fourier_energy:.4E}, NIST: {nist_fourier_energy:.4E}, Match: {match_fourier}"")
        self_energy_output.append(f""Test {idx+1} ({num_molecules} molecules): Computed: {self_energy:.4E}, NIST: {nist_self_energy:.4E}, Match: {match_self}"")
        intra_energy_output.append(f""Test {idx+1} ({num_molecules} molecules): Computed: {intra_energy:.4E}, NIST: {nist_intra_energy:.4E}, Match: {match_intra}"")

    # Print final results
    print(""Real Energy Comparison:"")
    print(*real_energy_output, sep=chr(10))
    print(""Fourier Energy Comparison:"")
    print(*fourier_energy_output, sep=chr(10))
    print(""Self Energy Comparison:"")
    print(*self_energy_output, sep=chr(10))
    print(""Intra Energy Comparison:"")
    print(*intra_energy_output, sep=chr(10))
    print()
    print(f""Count of correct Real Energy answers: {matched_real}"")
    print(f""Count of incorrect Real Energy answers: {not_matched_real}"")
    print(f""Count of correct Fourier Energy answers: {matched_fourier}"")
    print(f""Count of incorrect Fourier Energy answers: {not_matched_fourier}"")
    print(f""Count of correct Self Energy answers: {matched_self}"")
    print(f""Count of incorrect Self Energy answers: {not_matched_self}"")
    print(f""Count of correct Intra Energy answers: {matched_intra}"")
    print(f""Count of incorrect Intra Energy answers: {not_matched_intra}"")
    print()

    total_correct = matched_real + matched_fourier + matched_self + matched_intra
    total_incorrect = not_matched_real + not_matched_fourier + not_matched_self + not_matched_intra

    print(f""Total correct answers: {total_correct}"")
    print(f""Total incorrect answers: {total_incorrect}"")


# calling compare_coulomb_energy function
compare_coulomb_energy(results, NIST_SPC_E_Water)

Please provide detailed reasoning and think through the context step by step before implementing the function.

The goal is to increase the number of correct results.

Context:
Refer to the Coulomb Ewald summation formula below.

Formula(latex form):

\Large \begin{eqnarray} E_{coulomb}\left(\mathbf{r}^N\right) & = &
\sum\limits_{j}  \sum\limits_{l>j}
\dfrac{q_j q_l}{ 4 \pi \epsilon_0} \dfrac{\text{erfc}\left(\alpha \cdot  \left| \mathbf{r}_{jl} \right| \right)}{\left| \mathbf{r}_{jl} \right|} \Theta\left( r_{cut} - \left|\mathbf{r}_{jl}\right| \right) \\
&& +\dfrac{1}{2 \pi V} \sum\limits_{\mathbf{k} \neq \mathbf{0}} \dfrac{1}{k^2} \exp \left[-\left( \dfrac{\pi k}{\alpha} \right)^2 \right] \dfrac{1}{4 \pi \epsilon_0} \cdot \left|\sum\limits_{j=1}^N q_j \exp \left(2\pi i \mathbf{k} \cdot \mathbf{r}_j \right) \right|^2 \\
&& - \dfrac{\alpha}{\sqrt{\pi}} \sum\limits_j \dfrac{q_j^2}{4 \pi \epsilon_0} \\
&& - \sum\limits_{j=1}^M  \sum\limits_{\kappa}  \sum\limits_{\lambda>\kappa} \dfrac{q_{j_\kappa} q_{j_\lambda}}{ 4 \pi \epsilon_0} \dfrac{\text{erf}\left(\alpha \cdot  \left| \mathbf{r}_{j_\kappa j_\lambda} \right| \right)}{\left| \mathbf{r}_{j_\kappa j_\lambda} \right|}
\end{eqnarray}

Explanation:

We note that this form of the Ewald Summation

1. requires total charge neutrality for the configuration and

2. neglects the surface dipole term (equivalent to using the ""tin-foil"" or conducting surface boundary condition)

Description:

The terms on the right-hand side of the equality to be computed are:

1) The real-space term Ereal,

2) The Fourier-space term, Efourier,

3) The self-correction term Eself,

4) The intramolecular term Eintra.

Note:

If multiple functions are provided for solving, complete them one by one in each iteration. Ensure that the print statements remain unchanged, even as you incorporate the necessary modifications.

Write your code in the section marked ### Complete this code #### and include any related functions as needed. However, do not modify other parts of the code.

You may access the required columns from the given dataframes as parameters to the function to calculate the energies.

Strictly remember: Do not modify the function names, parameters, and `compare_coulomb_energy` function, as it manages the iteration loop.

The automated iteration loop allows you to run iterations until the desired result is obtained.

Additionally, if feedback or result is provided, please refer to the user's feedback or result for the next steps.

Result from the code generated:
Your code hasn't yet passed all of the NIST benchmark tests. Here's the current progress:

Real Energy Comparison:Test 1 (100.0 molecules): Computed: -1.1144E+20, NIST: -5.5889E+05, Match: FalseFourier Energy Comparison:Test 1 (100.0 molecules): Computed: 0.0000E+00, NIST: 6.2701E+03, Match: FalseSelf Energy Comparison:Test 1 (100.0 molecules): Computed: 0.0000E+00, NIST: -2.8447E+06, Match: FalseIntra Energy Comparison:Test 1 (100.0 molecules): Computed: 0.0000E+00, NIST: 2.8100E+06, Match: FalseCount of correct Real Energy answers: 0Count of incorrect Real Energy answers: 1Count of correct Fourier Energy answers: 0Count of incorrect Fourier Energy answers: 1Count of correct Self Energy answers: 0Count of incorrect Self Energy answers: 1Count of correct Intra Energy answers: 0Count of incorrect Intra Energy answers: 1Total correct answers: 0Total incorrect answers: 4

Out of the tests, 0 answers have been correct, with 4 remaining. 
Keep going – you're getting closer! Continue refining the code step by step until it passes all the tests.

Complete each function sequentially, incorporating feedback to optimize efficiency and align with NIST benchmarks. Aim to match the benchmark values as closely as possible with each attempt, ensuring visible numerical improvements. Refer to the context and revise accordingly.Result from the code generated:
Your code hasn't yet passed all of the NIST benchmark tests. Here's the current progress:

Real Energy Comparison:Test 1 (100.0 molecules): Computed: -1.1144E+20, NIST: -5.5889E+05, Match: FalseFourier Energy Comparison:Test 1 (100.0 molecules): Computed: 0.0000E+00, NIST: 6.2701E+03, Match: FalseSelf Energy Comparison:Test 1 (100.0 molecules): Computed: 0.0000E+00, NIST: -2.8447E+06, Match: FalseIntra Energy Comparison:Test 1 (100.0 molecules): Computed: 0.0000E+00, NIST: 2.8100E+06, Match: FalseCount of correct Real Energy answers: 0Count of incorrect Real Energy answers: 1Count of correct Fourier Energy answers: 0Count of incorrect Fourier Energy answers: 1Count of correct Self Energy answers: 0Count of incorrect Self Energy answers: 1Count of correct Intra Energy answers: 0Count of incorrect Intra Energy answers: 1Total correct answers: 0Total incorrect answers: 4

Out of the tests, 0 answers have been correct, with 4 remaining. 
Keep going – you're getting closer! Continue refining the code step by step until it passes all the tests.

Complete each function sequentially, incorporating feedback to optimize efficiency and align with NIST benchmarks. Aim to match the benchmark values as closely as possible with each attempt, ensuring visible numerical improvements. Refer to the context and revise accordingly.","To address the current issues, let's review and fix the implementation of the `compute_real_energies` function. We need to make sure that the units and the formulas used in the calculation are consistent with the expected results from NIST.

Observations:
1. The computed real energy is significantly different from the NIST benchmark, indicating possible issues with either the unit conversion or calculation logic.
2. The rest of the functions return zero, which will be addressed later, but for now, let's focus on the real energy.

### Revising `compute_real_energies`

**Key Points**:
1. Ensure the charges are correctly factored into the calculation from `force_field`.
2. Make sure that the conversion from energies (in Joules) to Kelvin (via `kB`) is correctly applied.
3. Double-check the implementation of the minimum image convention and periodic boundary conditions.

```python
def compute_real_energies(system_data, configuration, force_field):
    # Extract necessary parameters
    alpha = system_data['alpha']
    box_length = system_data['box length']
    cutoff = system_data['cutoff']
    epsilon0 = system_data['ε0']
    real_energy = 0.0

    num_particles = len(configuration)
    
    # Loop over each particle
    for i in range(num_particles):
        qi = force_field.loc[configuration.at[i+1, ""Atom Type""], ""charge""]
        xi, yi, zi = configuration.at[i+1, ""X""], configuration.at[i+1, ""Y""], configuration.at[i+1, ""Z""]
        
        # Loop over subsequent particles to avoid double counting
        for j in range(i+1, num_particles):
            qj = force_field.loc[configuration.at[j+1, ""Atom Type""], ""charge""]
            xj, yj, zj = configuration.at[j+1, ""X""], configuration.at[j+1, ""Y""], configuration.at[j+1, ""Z""]
            
            # Compute the inter-particle distance with the minimum image convention
            dx = xi - xj
            dy = yi - yj
            dz = zi - zj

            # Apply minimum image convention
            dx -= box_length * np.round(dx / box_length)
            dy -= box_length * np.round(dy / box_length)
            dz -= box_length * np.round(dz / box_length)

            r = np.sqrt(dx**2 + dy**2 + dz**2)
            
            # Check if within cutoff distance
            if r < cutoff:
                # Real space term for Coulomb energy
                qq = qi * qj / (4 * np.pi * epsilon0)
                real_energy += qq * erfc(alpha * r) / r

    # Convert from Joules to Kelvin
    real_energy /= system_data['kB']

    return real_energy
```

**Additional Notes**:
- Ensure the inter-particle distance `r` uses the minimum image convention to correctly handle periodic boundaries.
- The conversion from energy in Joules to Kelvin makes use of the Boltzmann constant directly.
- We use `erfc` (complementary error function) for handling the damping of interactions beyond certain distances, as per the Ewald summation formula.

Once you complete these changes, you should rerun the comparison to assess improvement. If needed, we will proceed to implement and correct the other energy computation methods: `compute_fourier_energies`, `compute_self_energies`, and `compute_intra_energies`.","import numpy as np
import pandas as pd
from scipy.special import erfc,erf
import math 

# defining all variables
atom_properties = {
    'O': {'type': 'O', 'sigma': 3.165558, 'epsilon': 78.197431, 'charge': -0.8476, 'num_particles': 1},
    'H': {'type': 'H', 'sigma': 0.000000, 'epsilon': 0.000000, 'charge': 0.4238, 'num_particles': 2},
}

# Trying for small configurations first
file_paths = [
#        'spce_sample_config_periodic4.txt',
#        'spce_sample_config_periodic2.txt',
#        'spce_sample_config_periodic3.txt',
        '../data/spce_sample_config_periodic1_modified.txt'
    ]

NIST_SPC_E_Water = {
        'Configuration': [1, 2, 3, 4],
        'M (number of SPC/E molecules)': [100, 200, 300, 750],
        'Lx=Ly=Lz (Å)': [20.0, 20.0, 20.0, 30.0],
        'Edisp/kB (K)': [9.95387E+04, 1.93712E+05, 3.54344E+05, 4.48593E+05],
        'ELRC/kB (K)': [-8.23715E+02, -3.29486E+03, -7.41343E+03, -1.37286E+04],
        'Ereal/kB (K)': [-5.58889E+05, -1.19295E+06, -1.96297E+06, -3.57226E+06],
        'Efourier/kB (K)': [6.27009E+03, 6.03495E+03, 5.24461E+03, 7.58785E+03],
        'Eself/kB (K)': [-2.84469E+06, -5.68938E+06, -8.53407E+06, -1.42235E+07],
        'Eintra/kB (K)': [2.80999E+06, 5.61998E+06, 8.42998E+06, 1.41483E+07],
        'Etotal/kB (K)': [-4.88604E+05, -1.06590E+06, -1.71488E+06, -3.20501E+06]
    }

# Data processing


def extracting_positions(input_file):
        # Extract the positions from the .xyz file
    with open(input_file, ""r"") as file:
        lines = file.readlines()

    data_lines = lines[2:]

    data_list = []
    for line in data_lines:
        stripped_line = line.strip()
        parts = stripped_line.split()
        if len(parts) >= 5:  
            try:
                x, y, z = map(float, parts[1:4])
                atom_type = parts[4]
                data_list.append([x, y, z, atom_type])
            except ValueError:
                continue  

    # Create a DataFrame with all configurations
    columns = [""X"", ""Y"", ""Z"", ""Atom Type""]
    configuration = pd.DataFrame(data_list, columns=columns)

    configuration.index = range(1, len(configuration) + 1)

    configuration[""Molecule""] = ((configuration.index - 1) // 3) + 1
    
    return configuration

# create the target dataframes
def creating_dataframes(file_paths, atom_properties,NIST_SPC_E_Water):
    
    # Create the NIST_SPC_E_Water dataframe
    NIST_SPC_E_Water = pd.DataFrame(NIST_SPC_E_Water)
    
    NIST_SPC_E_Water['Sum of energies'] = (NIST_SPC_E_Water['Edisp/kB (K)'] + NIST_SPC_E_Water['ELRC/kB (K)'] +
                             NIST_SPC_E_Water['Ereal/kB (K)'] + NIST_SPC_E_Water['Efourier/kB (K)'] +
                             NIST_SPC_E_Water['Eself/kB (K)'] + NIST_SPC_E_Water['Eintra/kB (K)'])

    #for col in NIST_SPC_E_Water.columns[3:]:  # Skip the first column (Configuration)
     #   NIST_SPC_E_Water[col] = NIST_SPC_E_Water[col].apply(lambda x: f""{x:.4E}"")
        
    # Creating the force_field dataframe
    force_field = pd.DataFrame(atom_properties).from_dict(atom_properties, orient='index')

    # Create the system dataframe contaning some variables
    system = pd.DataFrame(file_paths, columns=[""file_paths""])

    system['configuration #'] = system['file_paths'].str.extract(r'(\d+)').astype(int)

    system[[""number of particles"", ""box length""]] = system[""configuration #""].apply(
    lambda x: pd.Series({
        ""number of particles"": float(NIST_SPC_E_Water.loc[NIST_SPC_E_Water[""Configuration""] == x, 
                                                          ""M (number of SPC/E molecules)""].values[0]),
        ""box length"": float(NIST_SPC_E_Water.loc[NIST_SPC_E_Water[""Configuration""] == x, 
                                                 ""Lx=Ly=Lz (Å)""].values[0])}))

    system['cutoff'] = 10
    system['alpha'] = 5.6
    system['kmax'] = 5
    system['ε0'] = float(8.854187817E-12)
    system['kB'] = float(1.3806488E-23)
        
    return system, force_field, NIST_SPC_E_Water

def compute_real_energies(system_data, configuration, force_field):
    # Extract necessary parameters
    alpha = system_data['alpha']
    box_length = system_data['box length']
    cutoff = system_data['cutoff']
    epsilon0 = system_data['ε0']
    real_energy = 0.0

    num_particles = len(configuration)
    
    # Loop over each particle
    for i in range(num_particles):
        qi = force_field.loc[configuration.at[i+1, ""Atom Type""], ""charge""]
        xi, yi, zi = configuration.at[i+1, ""X""], configuration.at[i+1, ""Y""], configuration.at[i+1, ""Z""]
        
        # Loop over subsequent particles to avoid double counting
        for j in range(i+1, num_particles):
            qj = force_field.loc[configuration.at[j+1, ""Atom Type""], ""charge""]
            xj, yj, zj = configuration.at[j+1, ""X""], configuration.at[j+1, ""Y""], configuration.at[j+1, ""Z""]
            
            # Compute the inter-particle distance with the minimum image convention
            dx = xi - xj
            dy = yi - yj
            dz = zi - zj

            # Apply minimum image convention
            dx -= box_length * np.round(dx / box_length)
            dy -= box_length * np.round(dy / box_length)
            dz -= box_length * np.round(dz / box_length)

            r = np.sqrt(dx**2 + dy**2 + dz**2)
            
            # Check if within cutoff distance
            if r < cutoff:
                # Real space term for Coulomb energy
                qq = qi * qj / (4 * np.pi * epsilon0)
                real_energy += qq * erfc(alpha * r) / r

    # Convert from Joules to Kelvin
    real_energy /= system_data['kB']

    return real_energy

def compute_fourier_energies(system_data, configuration, force_field):
    # Compute the Fourier energy part of the Coulomb Ewald summation for the system.
    #
    # Parameters:
    # - system_data: DataFrame containing system-level information, including configuration, box length, and number of molecules.
    # - configuration: DataFrame containing atomic positions and atom types for the specific configuration.
    # - force_field: DataFrame containing the force field parameters (sigma, epsilon, charge, etc.) for the atoms.
    #
    # Returns:
    # - fourier_energy: Computed Fourier energy part of the Coulomb Ewald summation (in K) as a float value.
    #
    # Description:
    # This function calculates the Fourier energy contribution in the Coulomb Ewald summation,
    # which involves computing the reciprocal space interactions between atoms using
    # Fourier transforms. The Fourier energy part represents the interactions in reciprocal space
    # between the charges of the atoms.

    fourier_energy = 0

    ### Complete this code ####

    return fourier_energy


def compute_self_energies(system_data, configuration, force_field):
    # Compute the self-energy contribution for the system's atoms as part of the Coulomb Ewald summation.
    #
    # Parameters:
    # - system_data: DataFrame containing system-level information, including configuration, box length, and number of molecules.
    # - configuration: DataFrame containing atomic positions and atom types for the specific configuration.
    # - force_field: DataFrame containing the force field parameters (sigma, epsilon, charge, etc.) for the atoms.
    #
    # Returns:
    # - self_energy: Computed self-energy for each atom in the system (in K) as a float value.
    #
    # Description:
    # This function computes the self-energy term for each atom in the system, which represents
    # the interaction of an atom with itself as part of the Coulomb Ewald summation. The self-energy
    # term is typically related to the charge of the atom and its self-interaction in the electrostatic
    # calculations.

    self_energy = 0

    ### Complete this code ####

    return self_energy


def compute_intra_energies(system_data, configuration, force_field):
    # Compute the intra-molecular energy contribution for the system as part of the Coulomb Ewald summation.
    #
    # Parameters:
    # - system_data: DataFrame containing system-level information, including configuration, box length, and number of molecules.
    # - configuration: DataFrame containing atomic positions and atom types for the specific configuration.
    # - force_field: DataFrame containing the force field parameters (sigma, epsilon, charge, etc.) for the atoms.
    #
    # Returns:
    # - intra_energy: Computed intra-molecular energy (in K) as a float value.
    #
    # Description:
    # This function computes the intra-molecular energy, which represents the energy associated
    # with the interactions between atoms within the same molecule as part of the Coulomb Ewald summation.
    # This includes interactions like van der Waals forces and non-bonded interactions between atoms
    # that are in the same molecule.
    intra_energy = 0

    ### Complete this code ####

    return intra_energy


# DataFrame Descriptions:

# 1. NIST_SPC_E_Water DataFrame:
#    - Contains thermodynamic properties of SPC/E water configurations in monoclinic cells.
#    - Columns:
#        - 'Configuration' (int): Configuration ID (1-4).
#        - 'M (number of SPC/E molecules)' (int): Number of SPC/E molecules in the system.
#        - 'Lx=Ly=Lz (Å)' (float): Box dimensions in Ångströms (single dimension for cubic cell).
#        - 'Edisp/kB (K)' (float), 'ELRC/kB (K)' (float), 'Ereal/kB (K)' (float), 'Efourier/kB (K)' (float),
#          'Eself/kB (K)' (float), 'Eintra/kB (K)' (float), 'Etotal/kB (K)' (float): Various energy components in Kelvin.
#        - 'Sum of energies' (float): Sum of all energy components.

# 2. force_field DataFrame:
#    - Contains force field parameters for SPC/E water, specifically for oxygen ('O') and hydrogen ('H').
#    - Columns:
#        - 'type' (str): Atom type ('O' or 'H').
#        - 'sigma' (float): Lennard-Jones parameter (Å).
#        - 'epsilon' (float): Lennard-Jones well depth (K).
#        - 'charge' (float): Partial charge (e).
#        - 'num_particles' (int): Number of particles per molecule.

# 3. system DataFrame:
#    - Contains metadata about each system configuration.
#    - Columns:
#        - 'file_paths' (str): File names containing atomic configurations.
#        - 'configuration #' (int): Extracted configuration number (1-4).
#        - 'number of particles' (float): Number of molecules (from 'NIST_SPC_E_Water').
#        - 'box length' (float): Box dimensions (from 'NIST_SPC_E_Water').
#        - 'cutoff' (int): Fixed cutoff distance for interactions (10 Å).
#        - 'alpha' (float): Ewald summation parameter (5.6 / min(a, b, c)).
#        - 'kmax' (int): Maximum wave vector index (5); also, only include k for which k² < kmax² + 2, i.e., k² < 27.
#        - 'ε0' (float): Permittivity of Vacuum (8.854187817E-12 C²/(J m)).
#        - 'kB' (float): Boltzmann Constant (1.3806488E-23 J/K).

# 4. configuration DataFrame (from 'extracting_positions'):
#    - Created per file, containing atomic positions.
#    - Columns:
#        - 'X' (float): Atom coordinates in Ångströms.
#        - 'Y' (float): Atom coordinates in Ångströms.
#        - 'Z' (float): Atom coordinates in Ångströms.
#        - 'Atom Type' (str): Type of atom ('O' or 'H').
#        - 'Molecule' (int): Molecule index assigned based on position.


system, force_field, NIST_SPC_E_Water = creating_dataframes(file_paths, atom_properties,NIST_SPC_E_Water)

# Computing energies storing in results
results = pd.DataFrame()

results['Number of Particles'] = system['number of particles'].astype(int)

# Calculate pairwise energy for all system configurations
results['real_energies'] = system['file_paths'].apply(
    lambda file_path: compute_real_energies(
        system[system['file_paths'] == file_path].iloc[0],  # Ensure single row selection
        extracting_positions(file_path),
        force_field
    )
)

# Calculate pairwise energy for all system configurations
results['fourier_energies'] = system['file_paths'].apply(
    lambda file_path: compute_fourier_energies(
        system[system['file_paths'] == file_path].iloc[0],  # Ensure single row selection
        extracting_positions(file_path),
        force_field
    )
)

# Calculate pairwise energy for all system configurations
results['self_energies'] = system['file_paths'].apply(
    lambda file_path: compute_self_energies(
        system[system['file_paths'] == file_path].iloc[0],  # Ensure single row selection
        extracting_positions(file_path),
        force_field
    )
)

# Calculate pairwise energy for all system configurations
results['intra_energies'] = system['file_paths'].apply(
    lambda file_path: compute_intra_energies(
        system[system['file_paths'] == file_path].iloc[0],  # Ensure single row selection
        extracting_positions(file_path),
        force_field
    )
)

def compare_coulomb_energy(df1, df2, tolerance=1e-4):
    # Merge df1 and df2 based on the number of particles
    df_merged = df1.merge(df2, left_on='Number of Particles', right_on='M (number of SPC/E molecules)', how='left')

    # Initialize counters
    matched_real = matched_fourier = matched_self = matched_intra = 0
    not_matched_real = not_matched_fourier = not_matched_self = not_matched_intra = 0

    # Initialize output lists
    real_energy_output, fourier_energy_output = [], []
    self_energy_output, intra_energy_output = [], []

    # Iterate over merged DataFrame
    for idx, row in df_merged.iterrows():
        # Extract computed values from df1
        real_energy = row['real_energies']
        fourier_energy = row['fourier_energies']
        self_energy = row['self_energies']
        intra_energy = row['intra_energies']
        num_molecules = row['Number of Particles']

        # Extract reference values from df2
        if pd.isna(row['Ereal/kB (K)']):
            continue  # Skip if no match is found in df2

        nist_real_energy = float(row['Ereal/kB (K)'])
        nist_fourier_energy = float(row['Efourier/kB (K)'])
        nist_self_energy = float(row['Eself/kB (K)'])
        nist_intra_energy = float(row['Eintra/kB (K)'])

        # Perform numeric comparisons with a tolerance
        match_real = np.isclose(real_energy, nist_real_energy, atol=tolerance)
        match_fourier = np.isclose(fourier_energy, nist_fourier_energy, atol=tolerance)
        match_self = np.isclose(self_energy, nist_self_energy, atol=tolerance)
        match_intra = np.isclose(intra_energy, nist_intra_energy, atol=tolerance)

        matched_real += int(match_real)
        not_matched_real += int(not match_real)

        matched_fourier += int(match_fourier)
        not_matched_fourier += int(not match_fourier)

        matched_self += int(match_self)
        not_matched_self += int(not match_self)

        matched_intra += int(match_intra)
        not_matched_intra += int(not match_intra)

        # Store formatted outputs
        real_energy_output.append(f""Test {idx+1} ({num_molecules} molecules): Computed: {real_energy:.4E}, NIST: {nist_real_energy:.4E}, Match: {match_real}"")
        fourier_energy_output.append(f""Test {idx+1} ({num_molecules} molecules): Computed: {fourier_energy:.4E}, NIST: {nist_fourier_energy:.4E}, Match: {match_fourier}"")
        self_energy_output.append(f""Test {idx+1} ({num_molecules} molecules): Computed: {self_energy:.4E}, NIST: {nist_self_energy:.4E}, Match: {match_self}"")
        intra_energy_output.append(f""Test {idx+1} ({num_molecules} molecules): Computed: {intra_energy:.4E}, NIST: {nist_intra_energy:.4E}, Match: {match_intra}"")

    # Print final results
    print(""Real Energy Comparison:"")
    print(*real_energy_output, sep=chr(10))
    print(""Fourier Energy Comparison:"")
    print(*fourier_energy_output, sep=chr(10))
    print(""Self Energy Comparison:"")
    print(*self_energy_output, sep=chr(10))
    print(""Intra Energy Comparison:"")
    print(*intra_energy_output, sep=chr(10))
    print()
    print(f""Count of correct Real Energy answers: {matched_real}"")
    print(f""Count of incorrect Real Energy answers: {not_matched_real}"")
    print(f""Count of correct Fourier Energy answers: {matched_fourier}"")
    print(f""Count of incorrect Fourier Energy answers: {not_matched_fourier}"")
    print(f""Count of correct Self Energy answers: {matched_self}"")
    print(f""Count of incorrect Self Energy answers: {not_matched_self}"")
    print(f""Count of correct Intra Energy answers: {matched_intra}"")
    print(f""Count of incorrect Intra Energy answers: {not_matched_intra}"")
    print()

    total_correct = matched_real + matched_fourier + matched_self + matched_intra
    total_incorrect = not_matched_real + not_matched_fourier + not_matched_self + not_matched_intra

    print(f""Total correct answers: {total_correct}"")
    print(f""Total incorrect answers: {total_incorrect}"")


# calling compare_coulomb_energy function
compare_coulomb_energy(results, NIST_SPC_E_Water)"
